[
  {
    "codigo": "A",
    "nombre": "Portal SA"
  },
  {
    "codigo": "F",
    "nombre": "Mantenerse en el Lugar"
  },
  {
    "codigo": "1",
    "nombre": "Refugio Nv 200 Cuerpo Nuevo (1-SA)"
  },
  {
    "codigo": "2",
    "nombre": "Refugio Nv 132 Helena (2-SA)"
  },
  {
    "codigo": "3",
    "nombre": "Refugio Nv 120 Rampa Antigua E-23 (3-SA)"
  },
  {
    "codigo": "4",
    "nombre": "Refugio Nv 180 Extractor (4-SA)"
  },
  {
    "codigo": "5",
    "nombre": "Refugio Nv 230 VI 5-6 (5-SA)"
  },
  {
    "codigo": "6",
    "nombre": "Refugio Nv 180 Helena 55 (6-SA)"
  },
  {
    "codigo": "7",
    "nombre": "Refugio Nv 380 Helena 72 (7-SA)"
  },
  {
    "codigo": "8",
    "nombre": "Refugio Nv 420 Paulan 3 (8-SA)"
  },
  {
    "codigo": "9",
    "nombre": "Refugio Nv 300 ByPass Ventilación (9-SA)"
  },
  {
    "codigo": "10",
    "nombre": "Refugio Nv 180 Veta Isabel 08 (10-SA)"
  },
  {
    "codigo": "11",
    "nombre": "Refugio Nv 250 Carolina (11-SA)"
  },
  {
    "codigo": "12",
    "nombre": "Refugio Nv 210 Veta Isabel 03-04 (12-SA)"
  }
]